epoch,accuracy,loss,val_accuracy,val_loss
0,0.6622984,0.14595106604599184,0.2675476,0.1224940915562911
