epoch,loss,mean_squared_error,val_loss,val_mean_squared_error
0,1.0260065972805024,1.0260066,0.12703527238403187,0.12660624
1,0.38055106401443484,0.38055104,0.09055815933302777,0.09019523
2,0.24105672240257264,0.24105673,0.06485468234683646,0.06455045
3,0.1722663462162018,0.17226633,0.046357993975464924,0.046112727
4,0.13297849968075753,0.1329785,0.034872683833857054,0.034675077
5,0.10724572092294693,0.107245706,0.028647169020393343,0.028501168
6,0.09183425754308701,0.091834255,0.02701241839066392,0.026905475
7,0.08008121103048324,0.08008121,0.028599029498510672,0.028526075
