epoch,accuracy,loss,val_accuracy,val_loss
0,0.54133064,0.1520383254654946,0.2696228,0.1203065582740237
1,0.62903225,0.05794178958862058,0.32730103,0.07035663166971062
2,0.58870965,0.03573499824250898,0.3166504,0.07387991995346965
